y,id
0,25001
0,25002
0,25003
0,25004
0,25005
0,25006
0,25007
0,25008
0,25009
0,25010
0,25011
0,25012
0,25013
0,25014
0,25015
0,25016
0,25017
0,25018
0,25019
0,25020
0,25021
0,25022
0,25023
1,25024
1,25025
0,25026
0,25027
1,25028
0,25029
0,25030
1,25031
0,25032
0,25033
0,25034
0,25035
0,25036
0,25037
0,25038
0,25039
0,25040
0,25041
0,25042
0,25043
0,25044
0,25045
0,25046
1,25047
0,25048
0,25049
0,25050
0,25051
0,25052
1,25053
0,25054
1,25055
1,25056
0,25057
0,25058
0,25059
1,25060
0,25061
0,25062
0,25063
0,25064
0,25065
0,25066
0,25067
0,25068
1,25069
0,25070
0,25071
1,25072
0,25073
0,25074
0,25075
0,25076
0,25077
0,25078
0,25079
0,25080
0,25081
1,25082
0,25083
0,25084
1,25085
0,25086
0,25087
0,25088
0,25089
1,25090
0,25091
0,25092
0,25093
1,25094
0,25095
0,25096
0,25097
0,25098
0,25099
0,25100
0,25101
0,25102
0,25103
0,25104
0,25105
0,25106
0,25107
0,25108
0,25109
0,25110
0,25111
1,25112
0,25113
0,25114
0,25115
0,25116
0,25117
0,25118
1,25119
0,25120
0,25121
0,25122
0,25123
0,25124
0,25125
0,25126
0,25127
0,25128
0,25129
0,25130
0,25131
0,25132
0,25133
1,25134
1,25135
0,25136
0,25137
0,25138
0,25139
0,25140
0,25141
0,25142
0,25143
0,25144
0,25145
0,25146
0,25147
0,25148
0,25149
0,25150
0,25151
0,25152
0,25153
0,25154
0,25155
0,25156
0,25157
0,25158
1,25159
0,25160
0,25161
0,25162
0,25163
0,25164
0,25165
0,25166
1,25167
0,25168
0,25169
0,25170
0,25171
0,25172
0,25173
1,25174
0,25175
0,25176
0,25177
0,25178
0,25179
0,25180
0,25181
0,25182
0,25183
0,25184
1,25185
0,25186
0,25187
0,25188
1,25189
0,25190
0,25191
0,25192
0,25193
0,25194
0,25195
1,25196
0,25197
0,25198
0,25199
0,25200
0,25201
0,25202
0,25203
0,25204
0,25205
0,25206
1,25207
0,25208
0,25209
0,25210
0,25211
0,25212
0,25213
0,25214
0,25215
0,25216
0,25217
0,25218
0,25219
0,25220
0,25221
0,25222
0,25223
0,25224
0,25225
0,25226
0,25227
0,25228
1,25229
0,25230
0,25231
1,25232
0,25233
0,25234
0,25235
0,25236
1,25237
1,25238
0,25239
0,25240
1,25241
1,25242
0,25243
0,25244
0,25245
1,25246
0,25247
0,25248
1,25249
0,25250
0,25251
0,25252
0,25253
0,25254
0,25255
0,25256
0,25257
0,25258
1,25259
0,25260
0,25261
0,25262
0,25263
0,25264
0,25265
1,25266
0,25267
0,25268
0,25269
0,25270
0,25271
0,25272
0,25273
0,25274
0,25275
0,25276
1,25277
0,25278
0,25279
0,25280
0,25281
0,25282
0,25283
0,25284
0,25285
0,25286
0,25287
0,25288
0,25289
0,25290
0,25291
0,25292
0,25293
0,25294
1,25295
0,25296
0,25297
1,25298
0,25299
1,25300
0,25301
0,25302
0,25303
0,25304
0,25305
0,25306
0,25307
1,25308
0,25309
0,25310
0,25311
0,25312
0,25313
0,25314
0,25315
1,25316
0,25317
0,25318
0,25319
0,25320
0,25321
0,25322
0,25323
0,25324
0,25325
0,25326
0,25327
1,25328
0,25329
0,25330
0,25331
0,25332
0,25333
0,25334
0,25335
1,25336
0,25337
0,25338
0,25339
1,25340
0,25341
0,25342
0,25343
1,25344
0,25345
0,25346
0,25347
0,25348
1,25349
0,25350
0,25351
0,25352
0,25353
1,25354
0,25355
0,25356
1,25357
0,25358
0,25359
0,25360
0,25361
0,25362
0,25363
1,25364
0,25365
0,25366
0,25367
0,25368
0,25369
0,25370
0,25371
1,25372
0,25373
0,25374
0,25375
0,25376
0,25377
1,25378
0,25379
1,25380
0,25381
0,25382
0,25383
0,25384
0,25385
0,25386
0,25387
0,25388
0,25389
0,25390
0,25391
0,25392
0,25393
0,25394
0,25395
0,25396
0,25397
0,25398
0,25399
0,25400
0,25401
0,25402
0,25403
0,25404
0,25405
0,25406
0,25407
1,25408
0,25409
0,25410
0,25411
0,25412
1,25413
0,25414
0,25415
0,25416
1,25417
1,25418
1,25419
1,25420
0,25421
0,25422
0,25423
1,25424
0,25425
0,25426
0,25427
0,25428
0,25429
0,25430
1,25431
0,25432
0,25433
0,25434
0,25435
0,25436
0,25437
0,25438
1,25439
0,25440
0,25441
0,25442
0,25443
0,25444
0,25445
0,25446
0,25447
0,25448
0,25449
1,25450
0,25451
0,25452
0,25453
0,25454
0,25455
0,25456
0,25457
0,25458
0,25459
0,25460
0,25461
0,25462
1,25463
0,25464
0,25465
0,25466
0,25467
0,25468
0,25469
0,25470
0,25471
0,25472
0,25473
0,25474
0,25475
0,25476
0,25477
0,25478
0,25479
0,25480
0,25481
0,25482
0,25483
0,25484
0,25485
0,25486
0,25487
1,25488
0,25489
0,25490
0,25491
1,25492
0,25493
1,25494
0,25495
0,25496
0,25497
0,25498
0,25499
0,25500
0,25501
0,25502
0,25503
0,25504
1,25505
0,25506
1,25507
0,25508
0,25509
0,25510
0,25511
1,25512
0,25513
0,25514
0,25515
0,25516
0,25517
0,25518
1,25519
0,25520
1,25521
0,25522
1,25523
0,25524
0,25525
1,25526
0,25527
0,25528
0,25529
0,25530
0,25531
0,25532
0,25533
0,25534
0,25535
1,25536
0,25537
0,25538
0,25539
0,25540
0,25541
0,25542
1,25543
0,25544
0,25545
0,25546
0,25547
0,25548
0,25549
0,25550
0,25551
0,25552
0,25553
0,25554
0,25555
0,25556
0,25557
1,25558
0,25559
0,25560
0,25561
0,25562
0,25563
0,25564
0,25565
0,25566
0,25567
0,25568
0,25569
0,25570
0,25571
0,25572
0,25573
0,25574
0,25575
0,25576
0,25577
0,25578
0,25579
0,25580
0,25581
0,25582
0,25583
0,25584
0,25585
0,25586
0,25587
1,25588
0,25589
0,25590
1,25591
0,25592
0,25593
1,25594
0,25595
1,25596
0,25597
0,25598
0,25599
1,25600
0,25601
0,25602
1,25603
0,25604
0,25605
0,25606
0,25607
0,25608
0,25609
0,25610
0,25611
0,25612
0,25613
0,25614
0,25615
1,25616
0,25617
0,25618
1,25619
0,25620
0,25621
0,25622
0,25623
0,25624
0,25625
0,25626
0,25627
0,25628
0,25629
0,25630
0,25631
0,25632
0,25633
1,25634
0,25635
0,25636
1,25637
0,25638
0,25639
0,25640
0,25641
0,25642
0,25643
0,25644
0,25645
0,25646
0,25647
0,25648
1,25649
0,25650
0,25651
0,25652
0,25653
0,25654
0,25655
1,25656
0,25657
0,25658
0,25659
0,25660
0,25661
0,25662
0,25663
0,25664
0,25665
0,25666
0,25667
0,25668
0,25669
0,25670
0,25671
1,25672
0,25673
0,25674
0,25675
0,25676
0,25677
0,25678
0,25679
0,25680
0,25681
0,25682
1,25683
0,25684
0,25685
0,25686
0,25687
0,25688
1,25689
0,25690
1,25691
1,25692
0,25693
0,25694
0,25695
0,25696
1,25697
0,25698
0,25699
0,25700
1,25701
0,25702
0,25703
0,25704
1,25705
1,25706
0,25707
0,25708
0,25709
1,25710
0,25711
1,25712
0,25713
0,25714
0,25715
0,25716
0,25717
0,25718
0,25719
0,25720
0,25721
0,25722
1,25723
0,25724
0,25725
0,25726
1,25727
1,25728
0,25729
0,25730
0,25731
0,25732
0,25733
1,25734
0,25735
0,25736
0,25737
0,25738
0,25739
0,25740
0,25741
0,25742
0,25743
0,25744
0,25745
0,25746
0,25747
1,25748
0,25749
1,25750
0,25751
0,25752
0,25753
0,25754
0,25755
0,25756
0,25757
0,25758
0,25759
0,25760
1,25761
0,25762
0,25763
0,25764
0,25765
0,25766
0,25767
0,25768
0,25769
0,25770
0,25771
0,25772
0,25773
0,25774
0,25775
0,25776
0,25777
0,25778
0,25779
0,25780
0,25781
0,25782
1,25783
0,25784
1,25785
0,25786
0,25787
0,25788
0,25789
0,25790
1,25791
0,25792
1,25793
0,25794
0,25795
0,25796
1,25797
0,25798
0,25799
0,25800
0,25801
1,25802
0,25803
1,25804
0,25805
1,25806
0,25807
0,25808
1,25809
1,25810
1,25811
0,25812
1,25813
0,25814
1,25815
0,25816
0,25817
0,25818
0,25819
1,25820
0,25821
1,25822
0,25823
0,25824
1,25825
0,25826
0,25827
0,25828
0,25829
0,25830
0,25831
0,25832
0,25833
0,25834
0,25835
0,25836
0,25837
0,25838
0,25839
0,25840
0,25841
0,25842
0,25843
0,25844
0,25845
0,25846
0,25847
0,25848
0,25849
0,25850
0,25851
0,25852
0,25853
1,25854
0,25855
0,25856
0,25857
0,25858
0,25859
0,25860
0,25861
0,25862
1,25863
0,25864
1,25865
1,25866
0,25867
0,25868
0,25869
0,25870
0,25871
0,25872
0,25873
0,25874
0,25875
0,25876
0,25877
0,25878
0,25879
0,25880
0,25881
0,25882
0,25883
0,25884
0,25885
0,25886
0,25887
0,25888
1,25889
0,25890
0,25891
0,25892
0,25893
0,25894
0,25895
0,25896
0,25897
0,25898
0,25899
0,25900
0,25901
0,25902
0,25903
0,25904
0,25905
0,25906
0,25907
1,25908
1,25909
0,25910
0,25911
1,25912
0,25913
0,25914
0,25915
0,25916
0,25917
0,25918
0,25919
0,25920
0,25921
0,25922
0,25923
0,25924
0,25925
0,25926
0,25927
0,25928
0,25929
0,25930
0,25931
0,25932
0,25933
0,25934
0,25935
0,25936
0,25937
0,25938
0,25939
1,25940
0,25941
0,25942
0,25943
0,25944
0,25945
0,25946
0,25947
0,25948
0,25949
0,25950
1,25951
0,25952
0,25953
0,25954
1,25955
0,25956
0,25957
0,25958
0,25959
0,25960
1,25961
0,25962
1,25963
1,25964
0,25965
0,25966
0,25967
0,25968
0,25969
0,25970
0,25971
1,25972
0,25973
0,25974
0,25975
1,25976
0,25977
1,25978
0,25979
0,25980
0,25981
0,25982
0,25983
0,25984
0,25985
0,25986
0,25987
1,25988
0,25989
0,25990
0,25991
0,25992
0,25993
0,25994
0,25995
0,25996
1,25997
0,25998
0,25999
0,26000
0,26001
0,26002
0,26003
0,26004
0,26005
0,26006
1,26007
0,26008
0,26009
0,26010
0,26011
0,26012
0,26013
0,26014
0,26015
0,26016
0,26017
0,26018
0,26019
0,26020
0,26021
0,26022
0,26023
0,26024
0,26025
1,26026
0,26027
1,26028
0,26029
0,26030
0,26031
0,26032
0,26033
0,26034
0,26035
0,26036
0,26037
0,26038
0,26039
0,26040
0,26041
0,26042
1,26043
1,26044
0,26045
0,26046
0,26047
0,26048
0,26049
0,26050
1,26051
0,26052
0,26053
0,26054
1,26055
0,26056
0,26057
0,26058
0,26059
0,26060
0,26061
1,26062
0,26063
0,26064
1,26065
0,26066
1,26067
0,26068
0,26069
0,26070
0,26071
1,26072
0,26073
0,26074
1,26075
0,26076
0,26077
0,26078
0,26079
0,26080
0,26081
1,26082
0,26083
0,26084
0,26085
0,26086
1,26087
1,26088
0,26089
0,26090
0,26091
0,26092
1,26093
0,26094
0,26095
0,26096
0,26097
0,26098
0,26099
0,26100
1,26101
0,26102
0,26103
0,26104
0,26105
1,26106
0,26107
1,26108
0,26109
0,26110
0,26111
0,26112
0,26113
0,26114
0,26115
0,26116
0,26117
0,26118
1,26119
0,26120
1,26121
0,26122
0,26123
0,26124
0,26125
0,26126
0,26127
0,26128
0,26129
0,26130
0,26131
1,26132
0,26133
0,26134
0,26135
0,26136
1,26137
0,26138
0,26139
0,26140
0,26141
0,26142
0,26143
0,26144
0,26145
0,26146
0,26147
1,26148
0,26149
0,26150
0,26151
1,26152
0,26153
0,26154
0,26155
0,26156
0,26157
1,26158
0,26159
0,26160
1,26161
0,26162
0,26163
0,26164
0,26165
0,26166
0,26167
0,26168
0,26169
1,26170
0,26171
0,26172
0,26173
0,26174
0,26175
0,26176
0,26177
1,26178
0,26179
0,26180
1,26181
0,26182
0,26183
0,26184
0,26185
0,26186
0,26187
0,26188
0,26189
0,26190
1,26191
0,26192
0,26193
1,26194
0,26195
0,26196
0,26197
0,26198
1,26199
0,26200
0,26201
0,26202
0,26203
0,26204
0,26205
0,26206
0,26207
0,26208
0,26209
0,26210
0,26211
0,26212
0,26213
0,26214
1,26215
0,26216
0,26217
0,26218
0,26219
0,26220
0,26221
0,26222
0,26223
0,26224
0,26225
0,26226
0,26227
0,26228
0,26229
0,26230
0,26231
0,26232
1,26233
0,26234
1,26235
0,26236
0,26237
0,26238
1,26239
0,26240
0,26241
0,26242
0,26243
0,26244
0,26245
0,26246
0,26247
0,26248
0,26249
0,26250
0,26251
0,26252
0,26253
0,26254
0,26255
0,26256
0,26257
0,26258
1,26259
1,26260
0,26261
0,26262
0,26263
0,26264
1,26265
0,26266
0,26267
0,26268
0,26269
0,26270
0,26271
0,26272
0,26273
0,26274
0,26275
0,26276
0,26277
0,26278
0,26279
0,26280
0,26281
0,26282
0,26283
0,26284
0,26285
0,26286
0,26287
0,26288
1,26289
0,26290
1,26291
0,26292
0,26293
0,26294
0,26295
0,26296
0,26297
0,26298
0,26299
0,26300
0,26301
1,26302
0,26303
0,26304
0,26305
0,26306
0,26307
0,26308
0,26309
0,26310
0,26311
0,26312
0,26313
1,26314
0,26315
0,26316
0,26317
0,26318
0,26319
1,26320
0,26321
0,26322
0,26323
0,26324
0,26325
0,26326
0,26327
0,26328
0,26329
0,26330
1,26331
0,26332
0,26333
1,26334
0,26335
0,26336
0,26337
0,26338
0,26339
0,26340
0,26341
0,26342
1,26343
0,26344
0,26345
1,26346
0,26347
0,26348
0,26349
0,26350
0,26351
0,26352
0,26353
0,26354
0,26355
1,26356
0,26357
1,26358
0,26359
0,26360
0,26361
0,26362
0,26363
0,26364
0,26365
0,26366
1,26367
0,26368
0,26369
0,26370
0,26371
0,26372
0,26373
0,26374
0,26375
0,26376
0,26377
0,26378
0,26379
1,26380
0,26381
0,26382
1,26383
0,26384
0,26385
0,26386
0,26387
0,26388
0,26389
0,26390
0,26391
0,26392
0,26393
0,26394
0,26395
0,26396
0,26397
0,26398
0,26399
0,26400
0,26401
0,26402
0,26403
1,26404
0,26405
0,26406
0,26407
0,26408
0,26409
0,26410
0,26411
0,26412
0,26413
0,26414
0,26415
0,26416
0,26417
0,26418
0,26419
0,26420
1,26421
0,26422
0,26423
1,26424
0,26425
0,26426
0,26427
1,26428
0,26429
0,26430
1,26431
0,26432
0,26433
0,26434
0,26435
0,26436
0,26437
1,26438
0,26439
0,26440
0,26441
0,26442
0,26443
0,26444
0,26445
0,26446
0,26447
1,26448
0,26449
0,26450
1,26451
1,26452
0,26453
0,26454
0,26455
0,26456
0,26457
0,26458
0,26459
0,26460
0,26461
0,26462
0,26463
0,26464
0,26465
0,26466
0,26467
0,26468
0,26469
0,26470
0,26471
0,26472
0,26473
0,26474
0,26475
0,26476
0,26477
0,26478
0,26479
0,26480
0,26481
0,26482
0,26483
0,26484
0,26485
0,26486
0,26487
0,26488
0,26489
0,26490
1,26491
0,26492
0,26493
0,26494
0,26495
0,26496
0,26497
0,26498
0,26499
0,26500
0,26501
0,26502
0,26503
0,26504
0,26505
0,26506
0,26507
0,26508
0,26509
0,26510
0,26511
1,26512
0,26513
0,26514
0,26515
1,26516
0,26517
0,26518
0,26519
0,26520
0,26521
1,26522
0,26523
0,26524
0,26525
0,26526
0,26527
0,26528
0,26529
0,26530
0,26531
1,26532
1,26533
0,26534
0,26535
0,26536
0,26537
0,26538
0,26539
0,26540
0,26541
0,26542
0,26543
0,26544
0,26545
0,26546
0,26547
1,26548
0,26549
0,26550
0,26551
1,26552
0,26553
1,26554
0,26555
0,26556
0,26557
0,26558
0,26559
0,26560
0,26561
0,26562
0,26563
0,26564
0,26565
0,26566
0,26567
1,26568
0,26569
0,26570
0,26571
0,26572
0,26573
0,26574
0,26575
0,26576
0,26577
0,26578
0,26579
0,26580
0,26581
0,26582
1,26583
1,26584
0,26585
0,26586
0,26587
0,26588
0,26589
0,26590
1,26591
0,26592
0,26593
1,26594
0,26595
0,26596
0,26597
1,26598
0,26599
0,26600
0,26601
1,26602
0,26603
1,26604
0,26605
0,26606
0,26607
0,26608
0,26609
1,26610
0,26611
0,26612
1,26613
0,26614
1,26615
0,26616
0,26617
0,26618
0,26619
0,26620
0,26621
0,26622
0,26623
0,26624
0,26625
0,26626
0,26627
0,26628
0,26629
0,26630
0,26631
0,26632
0,26633
0,26634
0,26635
0,26636
0,26637
0,26638
1,26639
0,26640
0,26641
0,26642
0,26643
0,26644
0,26645
0,26646
1,26647
0,26648
0,26649
1,26650
0,26651
0,26652
0,26653
0,26654
0,26655
0,26656
0,26657
0,26658
0,26659
1,26660
0,26661
0,26662
0,26663
0,26664
0,26665
0,26666
1,26667
0,26668
0,26669
0,26670
0,26671
0,26672
0,26673
0,26674
0,26675
0,26676
0,26677
0,26678
0,26679
0,26680
1,26681
1,26682
0,26683
1,26684
0,26685
0,26686
0,26687
0,26688
0,26689
0,26690
0,26691
0,26692
0,26693
0,26694
0,26695
1,26696
0,26697
1,26698
0,26699
0,26700
1,26701
0,26702
0,26703
0,26704
0,26705
0,26706
0,26707
0,26708
1,26709
0,26710
0,26711
0,26712
0,26713
0,26714
0,26715
0,26716
0,26717
0,26718
0,26719
0,26720
0,26721
0,26722
0,26723
1,26724
1,26725
0,26726
0,26727
0,26728
1,26729
0,26730
0,26731
0,26732
0,26733
0,26734
0,26735
0,26736
1,26737
0,26738
1,26739
1,26740
0,26741
0,26742
0,26743
0,26744
0,26745
0,26746
1,26747
1,26748
1,26749
0,26750
0,26751
1,26752
0,26753
1,26754
0,26755
0,26756
0,26757
0,26758
0,26759
0,26760
0,26761
0,26762
0,26763
1,26764
0,26765
0,26766
1,26767
1,26768
0,26769
0,26770
0,26771
1,26772
0,26773
0,26774
0,26775
0,26776
0,26777
0,26778
0,26779
0,26780
0,26781
0,26782
0,26783
0,26784
0,26785
0,26786
0,26787
0,26788
0,26789
0,26790
1,26791
0,26792
0,26793
0,26794
0,26795
1,26796
0,26797
0,26798
0,26799
0,26800
0,26801
0,26802
0,26803
1,26804
1,26805
0,26806
0,26807
0,26808
0,26809
0,26810
0,26811
0,26812
0,26813
0,26814
0,26815
0,26816
0,26817
0,26818
0,26819
1,26820
0,26821
0,26822
0,26823
0,26824
0,26825
0,26826
0,26827
0,26828
0,26829
0,26830
1,26831
0,26832
0,26833
0,26834
0,26835
0,26836
0,26837
0,26838
0,26839
0,26840
0,26841
1,26842
0,26843
0,26844
0,26845
0,26846
0,26847
0,26848
0,26849
0,26850
0,26851
0,26852
1,26853
0,26854
0,26855
1,26856
0,26857
0,26858
0,26859
0,26860
1,26861
0,26862
0,26863
0,26864
1,26865
1,26866
0,26867
0,26868
0,26869
0,26870
0,26871
0,26872
0,26873
0,26874
0,26875
0,26876
0,26877
0,26878
0,26879
1,26880
0,26881
0,26882
0,26883
0,26884
0,26885
1,26886
0,26887
0,26888
0,26889
0,26890
0,26891
1,26892
0,26893
0,26894
0,26895
1,26896
0,26897
0,26898
0,26899
0,26900
0,26901
0,26902
0,26903
0,26904
0,26905
1,26906
0,26907
0,26908
1,26909
0,26910
0,26911
0,26912
0,26913
0,26914
0,26915
0,26916
0,26917
0,26918
1,26919
0,26920
0,26921
1,26922
0,26923
0,26924
0,26925
1,26926
0,26927
0,26928
0,26929
0,26930
0,26931
0,26932
0,26933
0,26934
0,26935
0,26936
0,26937
0,26938
0,26939
0,26940
0,26941
0,26942
0,26943
0,26944
0,26945
0,26946
0,26947
0,26948
0,26949
0,26950
0,26951
0,26952
0,26953
0,26954
0,26955
0,26956
0,26957
0,26958
0,26959
0,26960
0,26961
0,26962
0,26963
0,26964
0,26965
0,26966
0,26967
1,26968
0,26969
0,26970
0,26971
0,26972
1,26973
0,26974
1,26975
0,26976
0,26977
0,26978
1,26979
0,26980
0,26981
0,26982
1,26983
0,26984
1,26985
1,26986
0,26987
1,26988
0,26989
0,26990
0,26991
0,26992
0,26993
0,26994
0,26995
1,26996
1,26997
1,26998
0,26999
0,27000
0,27001
0,27002
0,27003
0,27004
0,27005
0,27006
0,27007
0,27008
0,27009
0,27010
0,27011
0,27012
0,27013
1,27014
0,27015
0,27016
0,27017
0,27018
1,27019
0,27020
0,27021
1,27022
0,27023
0,27024
1,27025
0,27026
0,27027
0,27028
0,27029
0,27030
0,27031
0,27032
0,27033
1,27034
0,27035
0,27036
0,27037
0,27038
0,27039
1,27040
1,27041
0,27042
0,27043
0,27044
0,27045
0,27046
0,27047
0,27048
0,27049
0,27050
0,27051
0,27052
0,27053
0,27054
0,27055
1,27056
0,27057
0,27058
0,27059
0,27060
0,27061
0,27062
0,27063
0,27064
0,27065
1,27066
1,27067
0,27068
0,27069
0,27070
0,27071
0,27072
0,27073
0,27074
0,27075
1,27076
0,27077
1,27078
0,27079
0,27080
1,27081
0,27082
0,27083
0,27084
0,27085
0,27086
0,27087
0,27088
0,27089
0,27090
0,27091
0,27092
0,27093
1,27094
1,27095
0,27096
0,27097
0,27098
1,27099
0,27100
0,27101
0,27102
0,27103
0,27104
0,27105
0,27106
0,27107
0,27108
0,27109
0,27110
1,27111
0,27112
0,27113
0,27114
0,27115
0,27116
0,27117
0,27118
0,27119
0,27120
0,27121
1,27122
0,27123
0,27124
0,27125
0,27126
1,27127
0,27128
0,27129
0,27130
0,27131
0,27132
0,27133
1,27134
0,27135
0,27136
0,27137
0,27138
0,27139
0,27140
0,27141
1,27142
1,27143
1,27144
0,27145
0,27146
0,27147
0,27148
0,27149
0,27150
0,27151
0,27152
0,27153
0,27154
0,27155
0,27156
0,27157
0,27158
0,27159
1,27160
0,27161
0,27162
0,27163
0,27164
0,27165
0,27166
0,27167
0,27168
1,27169
0,27170
0,27171
0,27172
0,27173
0,27174
0,27175
1,27176
0,27177
0,27178
0,27179
0,27180
0,27181
0,27182
0,27183
0,27184
0,27185
0,27186
0,27187
1,27188
0,27189
0,27190
0,27191
0,27192
0,27193
0,27194
0,27195
0,27196
0,27197
0,27198
0,27199
1,27200
0,27201
0,27202
0,27203
0,27204
0,27205
1,27206
0,27207
0,27208
0,27209
0,27210
1,27211
0,27212
1,27213
1,27214
0,27215
0,27216
0,27217
1,27218
0,27219
0,27220
0,27221
0,27222
0,27223
0,27224
0,27225
0,27226
0,27227
0,27228
0,27229
0,27230
0,27231
0,27232
0,27233
0,27234
0,27235
0,27236
0,27237
0,27238
0,27239
0,27240
0,27241
0,27242
0,27243
1,27244
0,27245
0,27246
1,27247
0,27248
0,27249
0,27250
0,27251
1,27252
0,27253
0,27254
0,27255
0,27256
0,27257
0,27258
0,27259
0,27260
0,27261
0,27262
0,27263
0,27264
0,27265
0,27266
1,27267
0,27268
0,27269
0,27270
0,27271
0,27272
0,27273
0,27274
0,27275
0,27276
0,27277
0,27278
0,27279
0,27280
0,27281
0,27282
0,27283
0,27284
1,27285
1,27286
0,27287
0,27288
0,27289
0,27290
0,27291
0,27292
0,27293
0,27294
0,27295
0,27296
0,27297
0,27298
0,27299
0,27300
0,27301
0,27302
0,27303
1,27304
0,27305
0,27306
1,27307
1,27308
0,27309
0,27310
0,27311
0,27312
0,27313
0,27314
1,27315
0,27316
1,27317
0,27318
0,27319
0,27320
0,27321
1,27322
0,27323
0,27324
0,27325
0,27326
0,27327
0,27328
0,27329
0,27330
0,27331
0,27332
0,27333
0,27334
1,27335
0,27336
0,27337
0,27338
0,27339
0,27340
0,27341
0,27342
0,27343
0,27344
1,27345
0,27346
0,27347
1,27348
0,27349
0,27350
1,27351
0,27352
0,27353
0,27354
1,27355
0,27356
0,27357
0,27358
0,27359
0,27360
1,27361
0,27362
1,27363
0,27364
0,27365
1,27366
0,27367
0,27368
0,27369
0,27370
0,27371
1,27372
0,27373
0,27374
0,27375
0,27376
0,27377
0,27378
0,27379
0,27380
1,27381
0,27382
0,27383
1,27384
0,27385
0,27386
0,27387
0,27388
0,27389
0,27390
0,27391
0,27392
0,27393
0,27394
0,27395
0,27396
0,27397
1,27398
0,27399
0,27400
0,27401
0,27402
0,27403
1,27404
0,27405
1,27406
0,27407
0,27408
0,27409
0,27410
1,27411
0,27412
0,27413
1,27414
0,27415
0,27416
0,27417
0,27418
0,27419
1,27420
0,27421
1,27422
0,27423
0,27424
1,27425
0,27426
0,27427
0,27428
0,27429
0,27430
0,27431
1,27432
0,27433
0,27434
0,27435
0,27436
1,27437
1,27438
0,27439
0,27440
1,27441
1,27442
0,27443
0,27444
0,27445
0,27446
0,27447
0,27448
0,27449
0,27450
0,27451
0,27452
1,27453
0,27454
0,27455
0,27456
0,27457
1,27458
1,27459
1,27460
0,27461
0,27462
0,27463
0,27464
0,27465
0,27466
0,27467
0,27468
0,27469
0,27470
0,27471
0,27472
0,27473
0,27474
0,27475
0,27476
0,27477
0,27478
0,27479
0,27480
0,27481
0,27482
0,27483
0,27484
0,27485
1,27486
1,27487
0,27488
0,27489
0,27490
0,27491
0,27492
0,27493
0,27494
0,27495
0,27496
0,27497
0,27498
0,27499
0,27500
1,27501
0,27502
0,27503
0,27504
1,27505
1,27506
0,27507
0,27508
0,27509
0,27510
0,27511
0,27512
0,27513
0,27514
0,27515
1,27516
0,27517
0,27518
1,27519
0,27520
0,27521
0,27522
0,27523
1,27524
0,27525
0,27526
1,27527
0,27528
0,27529
0,27530
0,27531
0,27532
0,27533
0,27534
0,27535
0,27536
0,27537
0,27538
0,27539
0,27540
0,27541
0,27542
0,27543
0,27544
0,27545
0,27546
0,27547
0,27548
0,27549
0,27550
0,27551
1,27552
0,27553
0,27554
0,27555
0,27556
0,27557
0,27558
0,27559
0,27560
1,27561
0,27562
1,27563
0,27564
0,27565
0,27566
0,27567
0,27568
0,27569
0,27570
0,27571
1,27572
0,27573
0,27574
0,27575
0,27576
0,27577
0,27578
1,27579
0,27580
0,27581
0,27582
0,27583
0,27584
0,27585
0,27586
0,27587
0,27588
0,27589
0,27590
0,27591
0,27592
0,27593
0,27594
0,27595
0,27596
0,27597
0,27598
0,27599
0,27600
0,27601
0,27602
0,27603
0,27604
0,27605
0,27606
0,27607
0,27608
0,27609
0,27610
0,27611
0,27612
0,27613
0,27614
0,27615
0,27616
0,27617
1,27618
0,27619
0,27620
0,27621
0,27622
0,27623
0,27624
1,27625
1,27626
0,27627
0,27628
0,27629
0,27630
1,27631
0,27632
0,27633
0,27634
0,27635
0,27636
0,27637
1,27638
0,27639
0,27640
0,27641
0,27642
0,27643
0,27644
0,27645
0,27646
0,27647
0,27648
0,27649
0,27650
0,27651
0,27652
0,27653
0,27654
0,27655
1,27656
0,27657
1,27658
0,27659
0,27660
0,27661
0,27662
0,27663
0,27664
1,27665
0,27666
0,27667
1,27668
0,27669
0,27670
0,27671
0,27672
0,27673
0,27674
0,27675
1,27676
0,27677
0,27678
0,27679
0,27680
1,27681
0,27682
0,27683
0,27684
0,27685
0,27686
1,27687
0,27688
0,27689
0,27690
0,27691
0,27692
0,27693
0,27694
0,27695
0,27696
0,27697
0,27698
0,27699
0,27700
0,27701
0,27702
0,27703
0,27704
0,27705
0,27706
1,27707
0,27708
0,27709
0,27710
1,27711
0,27712
0,27713
1,27714
0,27715
0,27716
0,27717
0,27718
0,27719
0,27720
0,27721
0,27722
0,27723
0,27724
0,27725
0,27726
0,27727
0,27728
0,27729
0,27730
0,27731
0,27732
0,27733
0,27734
0,27735
0,27736
0,27737
0,27738
0,27739
0,27740
0,27741
0,27742
0,27743
0,27744
0,27745
0,27746
0,27747
1,27748
0,27749
0,27750
0,27751
0,27752
1,27753
0,27754
0,27755
0,27756
0,27757
0,27758
0,27759
0,27760
0,27761
0,27762
0,27763
0,27764
0,27765
0,27766
0,27767
1,27768
0,27769
1,27770
0,27771
0,27772
0,27773
0,27774
0,27775
0,27776
1,27777
1,27778
0,27779
0,27780
0,27781
0,27782
0,27783
0,27784
0,27785
0,27786
0,27787
0,27788
0,27789
0,27790
1,27791
1,27792
1,27793
0,27794
0,27795
0,27796
0,27797
0,27798
0,27799
0,27800
0,27801
1,27802
0,27803
0,27804
0,27805
0,27806
0,27807
0,27808
0,27809
0,27810
0,27811
0,27812
0,27813
1,27814
1,27815
1,27816
0,27817
0,27818
0,27819
0,27820
0,27821
0,27822
1,27823
1,27824
1,27825
1,27826
0,27827
0,27828
0,27829
0,27830
1,27831
1,27832
0,27833
1,27834
0,27835
0,27836
0,27837
0,27838
0,27839
0,27840
0,27841
0,27842
1,27843
0,27844
0,27845
0,27846
0,27847
0,27848
0,27849
0,27850
1,27851
0,27852
0,27853
0,27854
1,27855
0,27856
0,27857
0,27858
1,27859
0,27860
1,27861
0,27862
0,27863
0,27864
0,27865
0,27866
0,27867
0,27868
0,27869
0,27870
0,27871
0,27872
1,27873
0,27874
0,27875
0,27876
1,27877
1,27878
0,27879
0,27880
0,27881
0,27882
0,27883
0,27884
0,27885
0,27886
0,27887
0,27888
1,27889
0,27890
1,27891
0,27892
1,27893
1,27894
1,27895
0,27896
0,27897
0,27898
0,27899
0,27900
1,27901
0,27902
0,27903
0,27904
0,27905
0,27906
0,27907
0,27908
1,27909
0,27910
0,27911
0,27912
0,27913
0,27914
0,27915
0,27916
0,27917
0,27918
0,27919
0,27920
0,27921
0,27922
0,27923
0,27924
0,27925
0,27926
0,27927
0,27928
0,27929
0,27930
0,27931
0,27932
0,27933
0,27934
0,27935
0,27936
0,27937
0,27938
0,27939
1,27940
0,27941
1,27942
0,27943
0,27944
1,27945
0,27946
0,27947
0,27948
0,27949
0,27950
0,27951
0,27952
0,27953
0,27954
1,27955
0,27956
0,27957
0,27958
0,27959
0,27960
1,27961
0,27962
0,27963
0,27964
0,27965
0,27966
0,27967
0,27968
0,27969
0,27970
0,27971
0,27972
0,27973
0,27974
1,27975
1,27976
0,27977
0,27978
0,27979
0,27980
0,27981
0,27982
1,27983
0,27984
0,27985
0,27986
0,27987
0,27988
1,27989
0,27990
1,27991
0,27992
0,27993
0,27994
1,27995
1,27996
0,27997
0,27998
0,27999
0,28000
0,28001
0,28002
0,28003
0,28004
0,28005
0,28006
0,28007
0,28008
0,28009
0,28010
0,28011
1,28012
0,28013
1,28014
0,28015
0,28016
0,28017
1,28018
0,28019
0,28020
0,28021
0,28022
0,28023
0,28024
0,28025
0,28026
1,28027
0,28028
0,28029
0,28030
1,28031
0,28032
0,28033
0,28034
0,28035
0,28036
0,28037
0,28038
1,28039
1,28040
0,28041
0,28042
0,28043
0,28044
0,28045
1,28046
0,28047
0,28048
0,28049
1,28050
0,28051
1,28052
1,28053
0,28054
0,28055
0,28056
0,28057
0,28058
0,28059
0,28060
0,28061
0,28062
0,28063
0,28064
0,28065
0,28066
0,28067
0,28068
0,28069
0,28070
0,28071
0,28072
0,28073
0,28074
0,28075
1,28076
0,28077
0,28078
0,28079
0,28080
0,28081
1,28082
1,28083
0,28084
0,28085
0,28086
1,28087
0,28088
1,28089
0,28090
1,28091
0,28092
0,28093
0,28094
0,28095
0,28096
0,28097
0,28098
0,28099
0,28100
0,28101
0,28102
1,28103
0,28104
0,28105
0,28106
0,28107
1,28108
0,28109
0,28110
0,28111
0,28112
0,28113
0,28114
0,28115
0,28116
0,28117
0,28118
1,28119
0,28120
0,28121
0,28122
1,28123
1,28124
0,28125
1,28126
0,28127
0,28128
1,28129
0,28130
0,28131
0,28132
0,28133
0,28134
1,28135
0,28136
0,28137
0,28138
0,28139
1,28140
0,28141
1,28142
0,28143
0,28144
0,28145
0,28146
0,28147
1,28148
1,28149
0,28150
0,28151
1,28152
0,28153
0,28154
0,28155
0,28156
0,28157
0,28158
1,28159
0,28160
0,28161
0,28162
0,28163
0,28164
0,28165
0,28166
1,28167
1,28168
1,28169
0,28170
0,28171
0,28172
0,28173
0,28174
0,28175
0,28176
0,28177
0,28178
0,28179
0,28180
0,28181
0,28182
0,28183
1,28184
0,28185
0,28186
1,28187
1,28188
0,28189
0,28190
1,28191
0,28192
0,28193
0,28194
0,28195
0,28196
0,28197
0,28198
0,28199
0,28200
0,28201
1,28202
0,28203
0,28204
0,28205
0,28206
0,28207
0,28208
0,28209
0,28210
0,28211
0,28212
0,28213
0,28214
1,28215
0,28216
1,28217
1,28218
0,28219
0,28220
0,28221
0,28222
1,28223
0,28224
0,28225
0,28226
0,28227
0,28228
0,28229
0,28230
0,28231
0,28232
0,28233
0,28234
0,28235
1,28236
0,28237
1,28238
0,28239
0,28240
0,28241
0,28242
0,28243
0,28244
0,28245
0,28246
0,28247
0,28248
0,28249
0,28250
0,28251
0,28252
0,28253
0,28254
0,28255
0,28256
0,28257
1,28258
0,28259
0,28260
0,28261
0,28262
0,28263
0,28264
1,28265
0,28266
0,28267
0,28268
0,28269
0,28270
0,28271
0,28272
0,28273
0,28274
1,28275
0,28276
0,28277
0,28278
1,28279
0,28280
0,28281
0,28282
0,28283
0,28284
1,28285
0,28286
0,28287
0,28288
1,28289
1,28290
0,28291
0,28292
0,28293
0,28294
0,28295
0,28296
0,28297
1,28298
0,28299
0,28300
0,28301
0,28302
1,28303
0,28304
0,28305
0,28306
0,28307
1,28308
0,28309
0,28310
0,28311
0,28312
0,28313
0,28314
0,28315
1,28316
0,28317
0,28318
0,28319
0,28320
0,28321
0,28322
0,28323
0,28324
0,28325
0,28326
0,28327
0,28328
0,28329
0,28330
1,28331
0,28332
0,28333
0,28334
1,28335
0,28336
0,28337
0,28338
0,28339
0,28340
0,28341
0,28342
0,28343
0,28344
0,28345
0,28346
0,28347
0,28348
0,28349
0,28350
0,28351
0,28352
0,28353
0,28354
0,28355
0,28356
0,28357
0,28358
0,28359
0,28360
1,28361
0,28362
0,28363
1,28364
0,28365
0,28366
0,28367
0,28368
0,28369
0,28370
0,28371
0,28372
0,28373
0,28374
0,28375
0,28376
0,28377
0,28378
1,28379
0,28380
0,28381
0,28382
0,28383
0,28384
0,28385
0,28386
0,28387
0,28388
0,28389
0,28390
0,28391
0,28392
0,28393
0,28394
0,28395
0,28396
0,28397
1,28398
0,28399
1,28400
0,28401
0,28402
0,28403
0,28404
1,28405
0,28406
1,28407
0,28408
0,28409
0,28410
1,28411
0,28412
1,28413
1,28414
0,28415
0,28416
0,28417
0,28418
0,28419
0,28420
0,28421
0,28422
0,28423
0,28424
1,28425
0,28426
0,28427
0,28428
0,28429
1,28430
0,28431
1,28432
0,28433
0,28434
0,28435
0,28436
0,28437
0,28438
1,28439
0,28440
0,28441
0,28442
0,28443
1,28444
1,28445
0,28446
0,28447
1,28448
0,28449
0,28450
0,28451
0,28452
0,28453
1,28454
1,28455
0,28456
0,28457
0,28458
0,28459
0,28460
0,28461
0,28462
0,28463
0,28464
0,28465
0,28466
0,28467
0,28468
0,28469
0,28470
0,28471
1,28472
0,28473
0,28474
1,28475
0,28476
0,28477
0,28478
0,28479
0,28480
1,28481
0,28482
0,28483
0,28484
0,28485
0,28486
0,28487
0,28488
0,28489
0,28490
0,28491
0,28492
0,28493
0,28494
0,28495
0,28496
1,28497
0,28498
0,28499
0,28500
0,28501
0,28502
0,28503
0,28504
0,28505
0,28506
0,28507
0,28508
0,28509
0,28510
1,28511
0,28512
1,28513
0,28514
0,28515
0,28516
1,28517
0,28518
0,28519
0,28520
0,28521
0,28522
1,28523
0,28524
0,28525
0,28526
0,28527
0,28528
0,28529
0,28530
1,28531
1,28532
0,28533
0,28534
1,28535
0,28536
1,28537
0,28538
0,28539
0,28540
0,28541
0,28542
1,28543
0,28544
0,28545
0,28546
0,28547
0,28548
0,28549
0,28550
0,28551
0,28552
1,28553
0,28554
0,28555
1,28556
0,28557
0,28558
0,28559
0,28560
0,28561
0,28562
1,28563
0,28564
0,28565
0,28566
0,28567
0,28568
0,28569
0,28570
0,28571
0,28572
0,28573
0,28574
0,28575
0,28576
0,28577
0,28578
1,28579
0,28580
0,28581
1,28582
0,28583
0,28584
0,28585
0,28586
1,28587
1,28588
0,28589
0,28590
1,28591
1,28592
0,28593
0,28594
0,28595
0,28596
0,28597
0,28598
0,28599
0,28600
0,28601
0,28602
0,28603
0,28604
0,28605
0,28606
0,28607
1,28608
0,28609
1,28610
0,28611
0,28612
0,28613
0,28614
0,28615
0,28616
1,28617
0,28618
1,28619
0,28620
1,28621
1,28622
0,28623
0,28624
1,28625
0,28626
0,28627
0,28628
0,28629
0,28630
0,28631
0,28632
0,28633
0,28634
0,28635
0,28636
0,28637
0,28638
0,28639
0,28640
0,28641
0,28642
1,28643
0,28644
0,28645
0,28646
0,28647
0,28648
0,28649
0,28650
0,28651
1,28652
0,28653
0,28654
0,28655
0,28656
1,28657
0,28658
0,28659
0,28660
0,28661
0,28662
0,28663
0,28664
1,28665
1,28666
0,28667
0,28668
0,28669
0,28670
0,28671
0,28672
0,28673
0,28674
0,28675
0,28676
0,28677
0,28678
0,28679
0,28680
0,28681
0,28682
1,28683
1,28684
0,28685
0,28686
0,28687
1,28688
0,28689
0,28690
0,28691
0,28692
0,28693
0,28694
0,28695
0,28696
1,28697
0,28698
1,28699
0,28700
0,28701
0,28702
1,28703
0,28704
1,28705
0,28706
0,28707
0,28708
0,28709
0,28710
0,28711
0,28712
0,28713
0,28714
0,28715
1,28716
1,28717
0,28718
0,28719
0,28720
1,28721
1,28722
0,28723
0,28724
0,28725
0,28726
1,28727
0,28728
0,28729
0,28730
0,28731
0,28732
0,28733
0,28734
0,28735
0,28736
0,28737
0,28738
0,28739
0,28740
0,28741
0,28742
0,28743
0,28744
0,28745
0,28746
0,28747
0,28748
0,28749
0,28750
0,28751
0,28752
0,28753
0,28754
1,28755
0,28756
0,28757
0,28758
0,28759
0,28760
0,28761
0,28762
0,28763
0,28764
0,28765
1,28766
0,28767
0,28768
0,28769
0,28770
0,28771
0,28772
0,28773
0,28774
0,28775
0,28776
0,28777
0,28778
0,28779
0,28780
0,28781
0,28782
0,28783
0,28784
0,28785
0,28786
0,28787
0,28788
0,28789
0,28790
0,28791
0,28792
1,28793
0,28794
0,28795
0,28796
0,28797
1,28798
0,28799
0,28800
0,28801
0,28802
0,28803
0,28804
0,28805
1,28806
0,28807
0,28808
0,28809
0,28810
0,28811
0,28812
0,28813
0,28814
1,28815
0,28816
0,28817
0,28818
1,28819
0,28820
0,28821
0,28822
0,28823
0,28824
0,28825
1,28826
0,28827
0,28828
0,28829
0,28830
1,28831
0,28832
0,28833
0,28834
0,28835
0,28836
1,28837
0,28838
0,28839
0,28840
0,28841
0,28842
1,28843
0,28844
0,28845
0,28846
0,28847
0,28848
0,28849
0,28850
0,28851
1,28852
0,28853
0,28854
0,28855
0,28856
0,28857
0,28858
1,28859
0,28860
1,28861
0,28862
0,28863
0,28864
0,28865
0,28866
0,28867
0,28868
1,28869
0,28870
0,28871
0,28872
0,28873
0,28874
0,28875
0,28876
0,28877
0,28878
1,28879
0,28880
0,28881
0,28882
0,28883
0,28884
0,28885
0,28886
0,28887
0,28888
0,28889
0,28890
0,28891
0,28892
0,28893
0,28894
0,28895
0,28896
0,28897
0,28898
0,28899
1,28900
0,28901
0,28902
0,28903
0,28904
0,28905
0,28906
0,28907
1,28908
0,28909
0,28910
0,28911
0,28912
0,28913
1,28914
0,28915
1,28916
0,28917
0,28918
0,28919
0,28920
0,28921
1,28922
0,28923
0,28924
0,28925
0,28926
0,28927
0,28928
0,28929
0,28930
0,28931
0,28932
0,28933
0,28934
0,28935
0,28936
0,28937
1,28938
0,28939
1,28940
0,28941
0,28942
0,28943
0,28944
0,28945
0,28946
0,28947
0,28948
0,28949
0,28950
1,28951
0,28952
1,28953
0,28954
0,28955
0,28956
1,28957
0,28958
0,28959
0,28960
0,28961
0,28962
0,28963
0,28964
0,28965
0,28966
0,28967
0,28968
1,28969
0,28970
0,28971
0,28972
1,28973
0,28974
0,28975
0,28976
0,28977
0,28978
0,28979
0,28980
0,28981
0,28982
0,28983
0,28984
1,28985
0,28986
0,28987
0,28988
0,28989
1,28990
1,28991
0,28992
0,28993
0,28994
0,28995
0,28996
0,28997
1,28998
0,28999
0,29000
0,29001
0,29002
0,29003
0,29004
0,29005
0,29006
0,29007
0,29008
0,29009
0,29010
0,29011
0,29012
1,29013
0,29014
0,29015
0,29016
0,29017
0,29018
0,29019
0,29020
0,29021
0,29022
1,29023
0,29024
0,29025
0,29026
0,29027
1,29028
0,29029
0,29030
1,29031
0,29032
0,29033
0,29034
0,29035
0,29036
0,29037
0,29038
0,29039
0,29040
0,29041
0,29042
0,29043
0,29044
0,29045
0,29046
0,29047
0,29048
0,29049
0,29050
0,29051
0,29052
0,29053
0,29054
0,29055
0,29056
0,29057
0,29058
0,29059
1,29060
0,29061
0,29062
0,29063
0,29064
0,29065
0,29066
0,29067
0,29068
0,29069
0,29070
0,29071
0,29072
0,29073
0,29074
0,29075
0,29076
0,29077
0,29078
0,29079
0,29080
1,29081
0,29082
0,29083
0,29084
0,29085
0,29086
0,29087
0,29088
1,29089
0,29090
1,29091
0,29092
1,29093
0,29094
0,29095
0,29096
0,29097
0,29098
0,29099
0,29100
0,29101
0,29102
0,29103
0,29104
0,29105
0,29106
0,29107
0,29108
0,29109
0,29110
0,29111
0,29112
0,29113
1,29114
0,29115
0,29116
0,29117
0,29118
0,29119
0,29120
0,29121
0,29122
1,29123
0,29124
1,29125
0,29126
0,29127
1,29128
0,29129
0,29130
0,29131
0,29132
0,29133
1,29134
1,29135
0,29136
0,29137
0,29138
0,29139
0,29140
0,29141
1,29142
1,29143
0,29144
0,29145
0,29146
0,29147
1,29148
0,29149
1,29150
0,29151
0,29152
1,29153
0,29154
0,29155
0,29156
0,29157
0,29158
0,29159
0,29160
0,29161
0,29162
1,29163
0,29164
0,29165
0,29166
0,29167
1,29168
0,29169
0,29170
0,29171
0,29172
0,29173
0,29174
1,29175
0,29176
0,29177
0,29178
0,29179
0,29180
1,29181
0,29182
0,29183
0,29184
0,29185
0,29186
0,29187
1,29188
0,29189
0,29190
0,29191
0,29192
0,29193
0,29194
0,29195
0,29196
1,29197
0,29198
0,29199
0,29200
0,29201
0,29202
0,29203
0,29204
0,29205
0,29206
1,29207
0,29208
0,29209
0,29210
0,29211
0,29212
1,29213
0,29214
0,29215
0,29216
0,29217
0,29218
1,29219
0,29220
0,29221
0,29222
0,29223
0,29224
1,29225
0,29226
0,29227
0,29228
0,29229
0,29230
1,29231
0,29232
0,29233
0,29234
1,29235
0,29236
0,29237
0,29238
0,29239
0,29240
0,29241
0,29242
0,29243
0,29244
0,29245
0,29246
0,29247
1,29248
0,29249
0,29250
0,29251
1,29252
0,29253
0,29254
0,29255
0,29256
1,29257
0,29258
0,29259
0,29260
0,29261
0,29262
0,29263
0,29264
0,29265
1,29266
0,29267
0,29268
0,29269
0,29270
0,29271
0,29272
1,29273
0,29274
0,29275
0,29276
0,29277
0,29278
0,29279
0,29280
0,29281
0,29282
0,29283
1,29284
0,29285
0,29286
0,29287
0,29288
1,29289
0,29290
0,29291
0,29292
0,29293
1,29294
0,29295
0,29296
1,29297
0,29298
0,29299
0,29300
0,29301
0,29302
0,29303
0,29304
0,29305
0,29306
0,29307
0,29308
0,29309
0,29310
0,29311
0,29312
0,29313
0,29314
0,29315
0,29316
0,29317
0,29318
0,29319
0,29320
1,29321
0,29322
0,29323
0,29324
0,29325
0,29326
0,29327
1,29328
0,29329
0,29330
0,29331
0,29332
0,29333
0,29334
0,29335
0,29336
1,29337
0,29338
0,29339
1,29340
1,29341
0,29342
0,29343
0,29344
0,29345
1,29346
1,29347
0,29348
1,29349
0,29350
0,29351
1,29352
0,29353
0,29354
0,29355
0,29356
0,29357
0,29358
0,29359
1,29360
0,29361
0,29362
0,29363
0,29364
0,29365
0,29366
0,29367
0,29368
0,29369
0,29370
0,29371
0,29372
0,29373
0,29374
0,29375
1,29376
0,29377
0,29378
0,29379
0,29380
0,29381
0,29382
0,29383
1,29384
1,29385
1,29386
0,29387
0,29388
0,29389
1,29390
0,29391
0,29392
0,29393
0,29394
0,29395
1,29396
0,29397
0,29398
1,29399
0,29400
0,29401
0,29402
0,29403
0,29404
0,29405
0,29406
0,29407
0,29408
0,29409
0,29410
0,29411
0,29412
1,29413
0,29414
1,29415
0,29416
0,29417
1,29418
0,29419
0,29420
0,29421
0,29422
1,29423
0,29424
0,29425
0,29426
0,29427
0,29428
0,29429
0,29430
0,29431
1,29432
0,29433
0,29434
0,29435
0,29436
0,29437
0,29438
0,29439
1,29440
0,29441
0,29442
0,29443
0,29444
0,29445
0,29446
0,29447
0,29448
0,29449
0,29450
0,29451
0,29452
0,29453
0,29454
0,29455
0,29456
0,29457
0,29458
1,29459
0,29460
0,29461
0,29462
1,29463
0,29464
0,29465
0,29466
0,29467
0,29468
0,29469
0,29470
0,29471
0,29472
0,29473
0,29474
0,29475
0,29476
0,29477
0,29478
0,29479
0,29480
0,29481
0,29482
0,29483
0,29484
0,29485
0,29486
0,29487
1,29488
0,29489
0,29490
0,29491
1,29492
0,29493
1,29494
0,29495
0,29496
0,29497
0,29498
0,29499
0,29500
0,29501
0,29502
0,29503
0,29504
0,29505
0,29506
0,29507
1,29508
0,29509
1,29510
0,29511
0,29512
0,29513
0,29514
0,29515
0,29516
0,29517
0,29518
0,29519
0,29520
0,29521
0,29522
0,29523
0,29524
0,29525
1,29526
0,29527
1,29528
0,29529
0,29530
0,29531
0,29532
0,29533
0,29534
0,29535
0,29536
0,29537
0,29538
0,29539
0,29540
1,29541
1,29542
0,29543
1,29544
0,29545
0,29546
0,29547
0,29548
0,29549
0,29550
0,29551
0,29552
0,29553
0,29554
0,29555
0,29556
0,29557
0,29558
0,29559
0,29560
1,29561
0,29562
0,29563
0,29564
0,29565
0,29566
0,29567
1,29568
0,29569
0,29570
0,29571
0,29572
0,29573
0,29574
1,29575
0,29576
0,29577
0,29578
0,29579
0,29580
1,29581
0,29582
1,29583
0,29584
1,29585
0,29586
0,29587
0,29588
0,29589
0,29590
0,29591
0,29592
1,29593
0,29594
0,29595
0,29596
0,29597
0,29598
0,29599
0,29600
0,29601
0,29602
0,29603
0,29604
0,29605
0,29606
1,29607
0,29608
0,29609
0,29610
0,29611
0,29612
0,29613
0,29614
0,29615
0,29616
0,29617
0,29618
1,29619
0,29620
0,29621
0,29622
0,29623
0,29624
0,29625
0,29626
0,29627
0,29628
1,29629
0,29630
0,29631
0,29632
1,29633
0,29634
0,29635
0,29636
0,29637
0,29638
1,29639
0,29640
0,29641
0,29642
0,29643
0,29644
0,29645
0,29646
0,29647
0,29648
0,29649
1,29650
0,29651
0,29652
0,29653
0,29654
0,29655
0,29656
0,29657
0,29658
0,29659
0,29660
0,29661
1,29662
0,29663
0,29664
1,29665
0,29666
0,29667
0,29668
0,29669
0,29670
0,29671
0,29672
0,29673
0,29674
0,29675
0,29676
0,29677
0,29678
0,29679
0,29680
0,29681
0,29682
0,29683
0,29684
1,29685
0,29686
0,29687
0,29688
0,29689
0,29690
0,29691
0,29692
0,29693
0,29694
0,29695
0,29696
0,29697
0,29698
0,29699
0,29700
0,29701
0,29702
0,29703
0,29704
1,29705
0,29706
0,29707
0,29708
0,29709
0,29710
0,29711
0,29712
0,29713
0,29714
0,29715
0,29716
0,29717
0,29718
0,29719
0,29720
0,29721
1,29722
0,29723
1,29724
1,29725
0,29726
0,29727
0,29728
0,29729
0,29730
0,29731
0,29732
1,29733
1,29734
0,29735
0,29736
0,29737
1,29738
0,29739
0,29740
0,29741
0,29742
0,29743
0,29744
0,29745
1,29746
0,29747
0,29748
0,29749
0,29750
0,29751
0,29752
0,29753
1,29754
0,29755
0,29756
0,29757
0,29758
0,29759
0,29760
0,29761
0,29762
0,29763
0,29764
0,29765
1,29766
0,29767
0,29768
0,29769
0,29770
0,29771
0,29772
0,29773
0,29774
0,29775
1,29776
0,29777
0,29778
0,29779
0,29780
0,29781
0,29782
0,29783
0,29784
0,29785
0,29786
0,29787
0,29788
0,29789
0,29790
0,29791
0,29792
0,29793
0,29794
0,29795
0,29796
0,29797
0,29798
0,29799
0,29800
0,29801
1,29802
0,29803
0,29804
0,29805
0,29806
0,29807
0,29808
0,29809
0,29810
0,29811
0,29812
0,29813
0,29814
1,29815
0,29816
0,29817
0,29818
0,29819
0,29820
1,29821
0,29822
0,29823
0,29824
0,29825
0,29826
0,29827
0,29828
0,29829
0,29830
0,29831
1,29832
0,29833
0,29834
0,29835
0,29836
0,29837
0,29838
0,29839
0,29840
0,29841
0,29842
0,29843
0,29844
0,29845
1,29846
0,29847
0,29848
0,29849
0,29850
0,29851
0,29852
1,29853
0,29854
0,29855
0,29856
0,29857
0,29858
0,29859
0,29860
1,29861
1,29862
0,29863
0,29864
0,29865
1,29866
0,29867
0,29868
0,29869
0,29870
0,29871
0,29872
0,29873
0,29874
0,29875
0,29876
1,29877
1,29878
0,29879
0,29880
0,29881
0,29882
0,29883
0,29884
0,29885
1,29886
0,29887
1,29888
1,29889
1,29890
1,29891
0,29892
0,29893
0,29894
1,29895
0,29896
0,29897
0,29898
0,29899
0,29900
0,29901
0,29902
0,29903
0,29904
0,29905
0,29906
0,29907
0,29908
0,29909
0,29910
0,29911
0,29912
0,29913
0,29914
0,29915
0,29916
0,29917
0,29918
0,29919
0,29920
0,29921
1,29922
0,29923
1,29924
0,29925
1,29926
0,29927
0,29928
0,29929
0,29930
0,29931
0,29932
0,29933
0,29934
0,29935
0,29936
0,29937
0,29938
0,29939
0,29940
0,29941
0,29942
1,29943
0,29944
0,29945
0,29946
0,29947
1,29948
0,29949
1,29950
0,29951
0,29952
0,29953
0,29954
0,29955
0,29956
0,29957
0,29958
0,29959
0,29960
0,29961
1,29962
1,29963
0,29964
0,29965
0,29966
0,29967
0,29968
0,29969
0,29970
1,29971
0,29972
1,29973
0,29974
0,29975
0,29976
0,29977
0,29978
0,29979
0,29980
0,29981
0,29982
0,29983
0,29984
0,29985
0,29986
0,29987
0,29988
0,29989
0,29990
0,29991
0,29992
0,29993
0,29994
0,29995
0,29996
0,29997
0,29998
0,29999
0,30000
